condition,train_lab,test_lab,official,n_common_actions,n_train_win,n_test_win,fit_predict_s
raw,CalMS21_task1,CalMS21_task1,0.1211,6,2668,1482,10.1
raw,CalMS21_task1,JovialSwallow,0.0606,2,4150,1893,10.17
raw,CalMS21_task1,InvincibleJellyfish,0.0382,3,4150,2500,10.18
raw,CalMS21_task1,TranquilPanther,0.018,2,4150,1844,10.18
raw,CalMS21_task1,CalMS21_task2,0.3326,3,4150,5452,10.26
raw,CalMS21_task1,CalMS21_supplemental,0.0517,7,4150,5322,10.24
raw,CalMS21_task2,CalMS21_task2,0.5467,2,3772,1680,11.02
raw,CalMS21_task1,CRIM13,0.1234,4,4150,3768,11.31
raw,CalMS21_task1,ElegantMink,0.0292,2,4150,1893,11.33
raw,CalMS21_task2,CalMS21_task1,0.1635,3,5452,4150,11.31
raw,CalMS21_task1,CautiousGiraffe,0.0144,3,4150,3767,11.34
raw,CalMS21_task2,CalMS21_supplemental,0.0546,3,5452,5322,11.37
raw,CalMS21_task2,JovialSwallow,0.0832,2,5452,1893,11.69
raw,CalMS21_task2,InvincibleJellyfish,0.1071,2,5452,2500,12.52
raw,CalMS21_task2,ElegantMink,0.0465,1,5452,1893,12.28
raw,CalMS21_task2,TranquilPanther,0.0242,1,5452,1844,12.56
raw,CalMS21_task2,CRIM13,0.1124,3,5452,3768,12.43
raw,CalMS21_task2,CautiousGiraffe,0.0141,1,5452,3767,12.87
raw,CalMS21_supplemental,CalMS21_supplemental,0.2299,3,3642,1680,12.05
raw,CalMS21_supplemental,CalMS21_task1,0.0716,7,5322,4150,12.72
raw,CalMS21_supplemental,CalMS21_task2,0.1505,3,5322,5452,12.74
raw,CalMS21_supplemental,JovialSwallow,0.0069,2,5322,1893,12.72
raw,CalMS21_supplemental,InvincibleJellyfish,0.0323,3,5322,2500,12.85
raw,CalMS21_supplemental,TranquilPanther,0.0,2,5322,1844,14.42
raw,JovialSwallow,CalMS21_task2,0.0119,2,1893,5452,7.55
raw,JovialSwallow,CalMS21_task1,0.002,2,1893,4150,7.82
raw,CalMS21_supplemental,ElegantMink,0.0053,1,5322,1893,9.39
raw,CalMS21_supplemental,CRIM13,0.0096,4,5322,3768,9.54
raw,JovialSwallow,CalMS21_supplemental,0.0038,2,1893,5322,5.95
raw,CalMS21_supplemental,CautiousGiraffe,0.0,3,5322,3767,9.51
raw,JovialSwallow,JovialSwallow,0.0405,1,1250,643,1.88
raw,JovialSwallow,InvincibleJellyfish,0.0,2,1893,2500,1.99
raw,JovialSwallow,TranquilPanther,0.0023,1,1893,1844,3.36
raw,JovialSwallow,CRIM13,0.0,2,1893,3768,3.42
raw,JovialSwallow,ElegantMink,0.0,1,1893,1893,4.04
raw,JovialSwallow,CautiousGiraffe,0.0,2,1893,3767,4.27
raw,InvincibleJellyfish,CalMS21_task1,0.0933,3,2500,4150,4.87
raw,InvincibleJellyfish,CalMS21_task2,0.2918,2,2500,5452,5.51
raw,InvincibleJellyfish,JovialSwallow,0.0,2,2500,1893,5.01
raw,InvincibleJellyfish,CalMS21_supplemental,0.0488,3,2500,5322,5.23
raw,InvincibleJellyfish,InvincibleJellyfish,0.1164,5,1750,750,5.13
raw,InvincibleJellyfish,TranquilPanther,0.0,3,2500,1844,5.75
raw,InvincibleJellyfish,CRIM13,0.049,3,2500,3768,6.22
raw,InvincibleJellyfish,ElegantMink,0.0029,1,2500,1893,5.8
raw,TranquilPanther,CalMS21_task1,0.0,2,1844,4150,4.09
raw,TranquilPanther,CalMS21_task2,0.0,1,1844,5452,4.22
raw,InvincibleJellyfish,CautiousGiraffe,0.0,3,2500,3767,4.93
raw,TranquilPanther,CalMS21_supplemental,0.0,2,1844,5322,3.28
raw,TranquilPanther,TranquilPanther,0.0,3,1457,387,2.18
raw,TranquilPanther,JovialSwallow,0.0,1,1844,1893,2.67
raw,TranquilPanther,InvincibleJellyfish,0.0,3,1844,2500,2.85
raw,TranquilPanther,ElegantMink,0.0,1,1844,1893,4.06
raw,TranquilPanther,CRIM13,0.0,3,1844,3768,4.16
raw,TranquilPanther,CautiousGiraffe,0.0,2,1844,3767,5.52
raw,CRIM13,CalMS21_task1,0.0715,4,3768,4150,6.15
raw,CRIM13,CalMS21_task2,0.1947,3,3768,5452,7.59
raw,CRIM13,CalMS21_supplemental,0.0209,4,3768,5322,7.94
raw,CRIM13,InvincibleJellyfish,0.0158,3,3768,2500,7.43
raw,CRIM13,JovialSwallow,0.0169,2,3768,1893,7.6
raw,CRIM13,CRIM13,0.1048,7,2354,1414,6.12
raw,CRIM13,TranquilPanther,0.0036,3,3768,1844,8.39
raw,CRIM13,ElegantMink,0.0176,1,3768,1893,6.78
raw,CRIM13,CautiousGiraffe,0.0,1,3768,3767,6.26
raw,ElegantMink,CalMS21_task1,0.0,2,1893,4150,4.1
raw,ElegantMink,CalMS21_task2,0.0,1,1893,5452,4.23
raw,ElegantMink,CalMS21_supplemental,0.0,1,1893,5322,3.02
raw,ElegantMink,JovialSwallow,0.0271,1,1893,1893,2.1
raw,ElegantMink,InvincibleJellyfish,0.0,1,1893,2500,2.2
raw,ElegantMink,TranquilPanther,0.0016,1,1893,1844,2.23
raw,ElegantMink,CRIM13,0.0,1,1893,3768,2.76
raw,ElegantMink,ElegantMink,0.0997,1,1093,800,3.23
raw,ElegantMink,CautiousGiraffe,0.0077,1,1893,3767,2.67
raw,CautiousGiraffe,CalMS21_task1,0.0,3,3767,4150,7.23
raw,CautiousGiraffe,CalMS21_task2,0.0,1,3767,5452,8.81
raw,CautiousGiraffe,CalMS21_supplemental,0.0,3,3767,5322,8.55
raw,CautiousGiraffe,InvincibleJellyfish,0.0,3,3767,2500,8.58
raw,CautiousGiraffe,JovialSwallow,0.0,2,3767,1893,8.98
raw,CautiousGiraffe,TranquilPanther,0.0,2,3767,1844,8.18
raw,CautiousGiraffe,CautiousGiraffe,0.0278,5,2606,1161,3.58
raw,CautiousGiraffe,CRIM13,0.0,1,3767,3768,5.98
raw,CautiousGiraffe,ElegantMink,0.0,1,3767,1893,4.08
corr,CalMS21_task1,CalMS21_task1,0.0939,6,2668,1482,9.14
corr,CalMS21_task1,InvincibleJellyfish,0.0178,3,4150,2500,8.89
corr,CalMS21_task1,CalMS21_task2,0.1654,3,4150,5452,8.89
corr,CalMS21_task1,JovialSwallow,0.0724,2,4150,1893,9.24
corr,CalMS21_task1,TranquilPanther,0.0431,2,4150,1844,9.21
corr,CalMS21_task1,CalMS21_supplemental,0.0623,7,4150,5322,9.25
corr,CalMS21_task2,CalMS21_task2,0.5116,2,3772,1680,9.24
corr,CalMS21_task1,ElegantMink,0.0305,2,4150,1893,9.51
corr,CalMS21_task1,CRIM13,0.0683,4,4150,3768,9.44
corr,CalMS21_task1,CautiousGiraffe,0.0037,3,4150,3767,9.49
corr,CalMS21_task2,CalMS21_task1,0.1329,3,5452,4150,9.9
corr,CalMS21_task2,CalMS21_supplemental,0.0935,3,5452,5322,13.01
corr,CalMS21_task2,JovialSwallow,0.089,2,5452,1893,11.97
corr,CalMS21_task2,TranquilPanther,0.026,1,5452,1844,11.86
corr,CalMS21_task2,InvincibleJellyfish,0.1349,2,5452,2500,11.96
corr,CalMS21_task2,CRIM13,0.1045,3,5452,3768,11.91
corr,CalMS21_task2,ElegantMink,0.0336,1,5452,1893,11.65
corr,CalMS21_task2,CautiousGiraffe,0.0043,1,5452,3767,13.93
corr,CalMS21_supplemental,CalMS21_supplemental,0.2461,3,3642,1680,11.09
corr,CalMS21_supplemental,CalMS21_task1,0.0643,7,5322,4150,12.34
corr,CalMS21_supplemental,CalMS21_task2,0.1658,3,5322,5452,12.3
corr,CalMS21_supplemental,JovialSwallow,0.0437,2,5322,1893,12.26
corr,CalMS21_supplemental,InvincibleJellyfish,0.0308,3,5322,2500,12.38
corr,CalMS21_supplemental,TranquilPanther,0.0497,2,5322,1844,12.52
corr,JovialSwallow,CalMS21_task1,0.0065,2,1893,4150,7.98
corr,JovialSwallow,CalMS21_task2,0.0027,2,1893,5452,8.05
corr,CalMS21_supplemental,CRIM13,0.029,4,5322,3768,10.43
corr,CalMS21_supplemental,ElegantMink,0.0282,1,5322,1893,10.08
corr,CalMS21_supplemental,CautiousGiraffe,0.003,3,5322,3767,9.75
corr,JovialSwallow,JovialSwallow,0.0124,1,1250,643,1.84
corr,JovialSwallow,CalMS21_supplemental,0.0018,2,1893,5322,3.28
corr,JovialSwallow,InvincibleJellyfish,0.0,2,1893,2500,3.84
corr,JovialSwallow,TranquilPanther,0.0,1,1893,1844,3.86
corr,JovialSwallow,CRIM13,0.0013,2,1893,3768,2.95
corr,JovialSwallow,ElegantMink,0.0,1,1893,1893,2.93
corr,JovialSwallow,CautiousGiraffe,0.0,2,1893,3767,4.0
corr,InvincibleJellyfish,CalMS21_task1,0.0708,3,2500,4150,4.25
corr,InvincibleJellyfish,InvincibleJellyfish,0.1103,5,1750,750,4.22
corr,InvincibleJellyfish,CalMS21_task2,0.2885,2,2500,5452,4.72
corr,InvincibleJellyfish,JovialSwallow,0.0075,2,2500,1893,4.52
corr,InvincibleJellyfish,CalMS21_supplemental,0.0948,3,2500,5322,6.07
corr,InvincibleJellyfish,CRIM13,0.0667,3,2500,3768,2.9
corr,InvincibleJellyfish,TranquilPanther,0.0134,3,2500,1844,6.13
corr,TranquilPanther,CalMS21_task1,0.0,2,1844,4150,3.45
corr,InvincibleJellyfish,ElegantMink,0.0266,1,2500,1893,5.16
corr,InvincibleJellyfish,CautiousGiraffe,0.0183,3,2500,3767,4.69
corr,TranquilPanther,CalMS21_task2,0.0,1,1844,5452,3.53
corr,TranquilPanther,CalMS21_supplemental,0.0,2,1844,5322,4.23
corr,TranquilPanther,JovialSwallow,0.0,1,1844,1893,2.82
corr,TranquilPanther,InvincibleJellyfish,0.0,3,1844,2500,2.71
corr,TranquilPanther,TranquilPanther,0.0,3,1457,387,3.16
corr,TranquilPanther,CRIM13,0.0,3,1844,3768,2.72
corr,TranquilPanther,ElegantMink,0.0,1,1844,1893,2.7
corr,TranquilPanther,CautiousGiraffe,0.0,2,1844,3767,5.53
corr,CRIM13,CalMS21_task2,0.1569,3,3768,5452,8.38
corr,CRIM13,CalMS21_task1,0.0584,4,3768,4150,8.61
corr,CRIM13,CalMS21_supplemental,0.0209,4,3768,5322,8.71
corr,CRIM13,JovialSwallow,0.0507,2,3768,1893,8.46
corr,CRIM13,InvincibleJellyfish,0.017,3,3768,2500,7.85
corr,CRIM13,TranquilPanther,0.0013,3,3768,1844,6.33
corr,CRIM13,CRIM13,0.0565,7,2354,1414,5.46
corr,ElegantMink,CalMS21_task2,0.0,1,1893,5452,5.33
corr,ElegantMink,CalMS21_task1,0.0,2,1893,4150,5.74
corr,CRIM13,ElegantMink,0.0068,1,3768,1893,6.79
corr,CRIM13,CautiousGiraffe,0.0,1,3768,3767,6.47
corr,ElegantMink,CalMS21_supplemental,0.0,1,1893,5322,3.73
corr,ElegantMink,JovialSwallow,0.0,1,1893,1893,2.33
corr,ElegantMink,TranquilPanther,0.0,1,1893,1844,2.36
corr,ElegantMink,InvincibleJellyfish,0.0,1,1893,2500,2.61
corr,ElegantMink,CRIM13,0.0,1,1893,3768,2.38
corr,ElegantMink,ElegantMink,0.0,1,1093,800,3.36
corr,ElegantMink,CautiousGiraffe,0.0,1,1893,3767,2.87
corr,CautiousGiraffe,CalMS21_task1,0.0,3,3767,4150,8.17
corr,CautiousGiraffe,JovialSwallow,0.0,2,3767,1893,8.4
corr,CautiousGiraffe,CalMS21_task2,0.0,1,3767,5452,8.83
corr,CautiousGiraffe,CalMS21_supplemental,0.0,3,3767,5322,8.75
corr,CautiousGiraffe,InvincibleJellyfish,0.0,3,3767,2500,8.85
corr,CautiousGiraffe,TranquilPanther,0.0,2,3767,1844,10.26
corr,CautiousGiraffe,ElegantMink,0.0,1,3767,1893,4.73
corr,CautiousGiraffe,CRIM13,0.0,1,3767,3768,6.81
corr,CautiousGiraffe,CautiousGiraffe,0.0021,5,2606,1161,4.77
